{
  "EN2002a": {
    "session": "EN2002a",
    "der": 33.680233049058515,
    "rtfx": 5.967192699757489,
    "duration": 2142.709375,
    "gt_speakers": 4
  },
  "EN2002b": {
    "session": "EN2002b",
    "der": 34.88542174549,
    "rtfx": 6.571190531505692,
    "duration": 1786.848,
    "gt_speakers": 4
  },
  "EN2002c": {
    "session": "EN2002c",
    "der": 33.90772822214031,
    "rtfx": 2.604438625247736,
    "duration": 2972.256,
    "gt_speakers": 3
  },
  "EN2002d": {
    "session": "EN2002d",
    "der": 36.4017083385164,
    "rtfx": 1.8719896205293487,
    "duration": 2209.8986875,
    "gt_speakers": 4
  },
  "ES2004a": {
    "session": "ES2004a",
    "der": 39.808981914245074,
    "rtfx": 1.2318942409287756,
    "duration": 1049.3546875,
    "gt_speakers": 4
  },
  "ES2004b": {
    "session": "ES2004b",
    "der": 34.10905047456416,
    "rtfx": 1.9550361103199887,
    "duration": 2345.493375,
    "gt_speakers": 4
  },
  "ES2004c": {
    "session": "ES2004c",
    "der": 21.387961195928753,
    "rtfx": 1.7648616627427396,
    "duration": 2334.368,
    "gt_speakers": 4
  },
  "ES2004d": {
    "session": "ES2004d",
    "der": 25.169941335319862,
    "rtfx": 2.665258922345639,
    "duration": 2222.2906875,
    "gt_speakers": 4
  },
  "IS1009a": {
    "session": "IS1009a",
    "der": 25.138852155514414,
    "rtfx": 3.386186256067149,
    "duration": 838.8333125,
    "gt_speakers": 4
  },
  "IS1009b": {
    "session": "IS1009b",
    "der": 22.925665946724262,
    "rtfx": 3.1931441521862407,
    "duration": 2052.3333125,
    "gt_speakers": 4
  },
  "IS1009c": {
    "session": "IS1009c",
    "der": 33.1311196253725,
    "rtfx": 3.0409983621367505,
    "duration": 1820.8333125,
    "gt_speakers": 4
  },
  "IS1009d": {
    "session": "IS1009d",
    "der": 30.105388231647467,
    "rtfx": 3.292535235111475,
    "duration": 1944.5,
    "gt_speakers": 4
  },
  "TS3003a": {
    "session": "TS3003a",
    "der": 65.37800687285224,
    "rtfx": 2.863944498203897,
    "duration": 1505.642625,
    "gt_speakers": 4
  },
  "TS3003b": {
    "session": "TS3003b",
    "der": 38.10958778064041,
    "rtfx": 3.318577503179238,
    "duration": 2210.304,
    "gt_speakers": 4
  },
  "TS3003c": {
    "session": "TS3003c",
    "der": 53.36425369490924,
    "rtfx": 3.051496872986639,
    "duration": 2570.0,
    "gt_speakers": 4
  },
  "TS3003d": {
    "session": "TS3003d",
    "der": 44.701872465268785,
    "rtfx": 3.2279382788533844,
    "duration": 2618.2,
    "gt_speakers": 4
  }
}